class_name,counts,proportion
vehicle,11929,0.5404584994563247
human,5701,0.25829104748097137
movable_object,4373,0.1981243204059442
static_object,69,0.0031261326567596955
